Serial Number,File Name,LP Number
1,1.jpg,MH02FJ6139
2,2.jpg,TN07BU5427
3,3.jpg,MH02FE8821
4,4.jpg,MH03BS7778
5,5.jpg,KL01KL0KL01
6,6.jpg,KL454455
7,7.jpg,TN07BV5200
8,8.jpg,DL10CK6214
9,9.jpg,DL8CAY5947
10,10.jpg,KL07BF5000
11,11.jpg,KL65K7111
12,12.jpg,KL25B2001
13,13.jpg,MH15BD8877
14,14.jpg,TN38BY4191
15,15.jpg,KA031351
16,16.jpg,KA29Z999
17,17.jpg,MH20BY4465
18,18.jpg,MH02CT2727
19,19.jpg,MH20BY3665
20,20.jpg,HR696969
21,21.jpg,DL3CAY9324
22,22.jpg,HR26DK0830
23,23.jpg,GJW115A1138
24,24.jpg,TN45BA1065
25,25.jpg,KL53E964
26,26.jpg,MH14EH5819
27,27.jpg,KL60N5344
28,28.jpg,KL01KLKL01
29,29.jpg,HR26DA2330
30,30.jpg,HR26CH3604
31,31.jpg,HR26BU0375
32,32.jpg,MH12DE1433
33,33.jpg,MH01DB3700
34,34.jpg,DL9CAA4288
35,35.jpg,KL07CB8599
36,36.jpg,MP14CB3145
37,37.jpg,MH01AV6275
38,38.jpg,TN52U1580
39,39.jpg,TS07FX3534
40,40.jpg,DL1CP3950
41,41.jpg,MH46Z7479
42,42.jpg,DL3CBE7885
43,43.jpg,DL7CG4445
44,44.jpg,DL8CS8015
45,45.jpg,MH14JE4757
46,46.jpg,MH12RY6824
47,47.jpg,KA02MN9322
48,48.jpg,MH14EH7958
49,49.jpg,HR26BP3543
50,50.jpg,KA05MN0916
51,51.jpg,TN873966
52,52.jpg,TN05X4901
53,53.jpg,TN38BR3036
54,54.jpg,TN13M3906
55,55.jpg,MH06AU5599
56,56.jpg,DL4CAM7139
57,57.jpg,DL4CAF9566
58,58.jpg,UP25BN9726
59,59.jpg,AP12K5200
60,60.jpg,UP14DK2040
61,61.jpg,HR26CL7686
62,62.jpg,DL1CS0621
63,63.jpg,CG04LX7927
64,64.jpg,GJ16BG3030
65,65.jpg,AP10AW2082
66,66.jpg,AS01BA7383
67,67.jpg,UP70FX9720
68,68.jpg,GJ13AH7381
69,69.jpg,TN82E1293
70,70.jpg,UP15CX6482
71,71.jpg,DL1CAF2718
72,72.jpg,MH02CB6330
73,73.jpg,DL12CC1999
74,74.jpg,DL8CBC9561
75,75.jpg,DL3CBL5238
76,76.jpg,DL8CAC1806
77,77.jpg,UP14DK0091
78,78.jpg,UP82X8124
79,79.jpg,DL1CX0871
80,80.jpg,DL12CK9695
81,81.jpg,DL2CAZ8809
82,82.jpg,DL8CY4702
83,83.jpg,DL12CK0421
84,84.jpg,DL4CNC7002
85,85.jpg,DL2CAX0490
86,86.jpg,HR51AV9716
87,87.jpg,DL1CS9023
88,88.jpg,HR26CB1519
89,89.jpg,HR26BN5612
90,90.jpg,DL9CA3382
91,91.jpg,UP24AM2526
92,92.jpg,HR51BB1011
93,93.jpg,UP16CX1776
94,94.jpg,UK09A3333
95,95.jpg,KL38A2958
96,96.jpg,MH04GM6993
97,97.jpg,DL12CH7927
98,98.jpg,DL9CAU6516
99,99.jpg,DL1CAC4928
100,100.jpg,DL1CT9880
101,101.jpg,UP14CV8866
102,102.jpg,UP14EN4545
103,103.jpg,DL9CAQ1994
104,104.jpg,OD02C2836
105,105.jpg,PB11BN6101
106,106.jpg,PB08BF6160
107,107.jpg,PB06AN6162
108,108.jpg,PB65AN2583
109,109.jpg,UP79L0567
110,110.jpg,UP11AY0646
111,111.jpg,JH01AX5392
112,112.jpg,JK02BJ7997
113,113.jpg,GA06E3855
114,114.jpg,DL4CAM9066
115,115.jpg,DL9CAE1359
116,116.jpg,AS01DG6002
117,117.jpg,AS06U1295
118,118.jpg,DL12CL2555
119,119.jpg,DL11CA4900
120,120.jpg,DL10CA0986
121,121.jpg,CG04H5060
122,122.jpg,DL4CNA7231
123,123.jpg,CG12AG1130
124,124.jpg,HP666807
125,125.jpg,HP34C8986
126,126.jpg,MP07CB8897
127,127.jpg,NL02C6709
128,128.jpg,UP23K0008
129,129.jpg,PY01AP0555
130,130.jpg,PY036993
131,131.jpg,PY01BD9020
132,132.jpg,PY01CE4149
133,133.jpg,PY05A8339
134,134.jpg,PY02S9326
135,135.jpg,RJ20CD5118
136,136.jpg,RJ23CB4320
137,137.jpg,AP39JJ5441
138,138.jpg,TN07BT5778
139,139.jpg,TN10AR0131
140,140.jpg,AP5CG6320
141,141.jpg,BR01BE0777
142,142.jpg,CH01BL3528
143,143.jpg,CH01AL4920
144,144.jpg,DN09D2724